,result_200,result_400,result_600,result_800,result_1000,result_1200,result_1400,result_1600,result_1800,result_2000,result_2200,result_2400,result_2600,result_2800,result_3000,result_3200,result_3400,result_3600,result_3800,result_4000,result_4200,result_4400,result_4600,result_4800,result_5000,Type
0,0.5460167766600286,0.24880662745425283,0.2732987907875774,0.26488770214958146,0.28555100180396753,0.29652440361046073,0.3045623489925855,0.31071381583555646,0.3067697459714206,0.30734114653645794,0.3096418247293023,0.295266237527792,0.30097634345773666,0.30209480404066774,0.30652869689358025,0.30674393581160214,0.3020341745148755,0.3060052487684887,0.30670281564795077,0.3097052797902873,0.31031131120990746,0.30907272297303223,0.31053257243868765,0.3117344546831963,0.30898132494265523,ST
1,0.36783002735541176,0.268112751265154,0.26687423536054256,0.27743516402724855,0.29416193476517183,0.2999582678082109,0.31430969806304615,0.3256954750974457,0.32482042097167785,0.33073984482486796,0.33117447385728693,0.32192739512744967,0.3189223913337743,0.3151028203751438,0.31627308333467724,0.3150649224808479,0.3210607686343758,0.3227764205252151,0.3199920045605521,0.3190132595734236,0.3260109491069572,0.3261834759562902,0.32607422834793026,0.32751625050447686,0.32643970117887394,ST
2,0.36090680734572167,0.23946471304536304,0.2687362860491115,0.2577462960502036,0.2314707948864969,0.24341857304434386,0.25010701628713117,0.26065400084931817,0.27383800224432464,0.28173947567345764,0.28524294197097233,0.2705639233208998,0.2856194578764333,0.2827153775473107,0.29909904641853896,0.2952537356894538,0.2997280311297209,0.3052218803360921,0.30846363107893504,0.3059661185311898,0.3048646665469356,0.3051794724246924,0.3077502412566442,0.310010087331141,0.31189706732285416,ST
3,0.18666535927788175,0.15036421729088112,0.22089903982621906,0.233744368241258,0.22016166665608788,0.21874659373496538,0.238993784409772,0.257704691537071,0.26177776128050856,0.2552397499278557,0.2553851273796244,0.23939252528006189,0.24866019355557206,0.2597909679615358,0.27016451737077807,0.26389956259296793,0.2652571500928185,0.265176238124249,0.27082496372841147,0.277200784678517,0.2751247155307304,0.2756617962748967,0.2848602497674718,0.28721521928790883,0.28330676984018777,ST
4,0.06208894431072914,0.03231242732853687,0.039665136700755256,0.03608101237775218,0.0342129546761578,0.032399003919432914,0.03433618555808414,0.03679848157059816,0.03837940306968947,0.0381480128260822,0.04022753361395849,0.038297668688389755,0.03849203905815295,0.040240578972499136,0.03965793133508761,0.04178128643620867,0.04233307079887852,0.04247323350889226,0.04258289166954056,0.042869176191329864,0.04312094809607224,0.04424277203920595,0.04435884448048128,0.04411280785447062,0.04536547550458709,ST
5,0.06586810462892446,0.03379304869828312,0.049189561732034856,0.04346286530345474,0.0412240063716005,0.04090489709835682,0.041510716542561894,0.04374789265575325,0.043715307382371976,0.04334048082022316,0.04288072957736153,0.04107911978064551,0.04135261358818866,0.0424932133346222,0.043183339125199935,0.043329357096520846,0.04236974592866397,0.042696841862956726,0.04211024755698258,0.043000206691179294,0.044132205923424296,0.044136048597774806,0.04460516745369167,0.04450100445470445,0.04417293232933529,ST
6,0.06305920063337898,0.028734379124905493,0.03256630980093153,0.03161499854278685,0.034991675990752154,0.04004654221757472,0.0382966915840176,0.039544849538729235,0.04025496793109722,0.03958852830994627,0.043298174673107814,0.0417044049221153,0.04128432157428832,0.043986724483290926,0.044762409181666685,0.04454014425740225,0.045029697615979136,0.04600788693420328,0.04575531571903647,0.0459335362259831,0.04464311847353746,0.04534724592989423,0.04597101194614476,0.04621480121447117,0.04516391147090666,ST
7,0.057703586435455874,0.036954637369199204,0.045959258201078504,0.04130869163647009,0.03833970019096674,0.03849391147306004,0.04145770624140825,0.04228578925432263,0.04030355259157591,0.039168771242961274,0.040020869262280594,0.03805736658730787,0.038633339120242714,0.038395236694827264,0.03990843177100464,0.040786706868613895,0.04254929616546444,0.042470821361177254,0.04278655929123024,0.04295082461328235,0.043594441103216884,0.04393690484046801,0.04415111930305349,0.04392268681405845,0.04345904815477223,ST
8,0.029396847657945667,0.028038881741951887,0.026994803419802923,0.02557033391302107,0.027675535013698186,0.026143597195477673,0.028190257278917358,0.03101930373019457,0.03165594609338958,0.031093670200440127,0.03010694154257254,0.027777799867288257,0.027693858720313422,0.02813373047682317,0.02829096022446203,0.03104524617104467,0.031058893052139963,0.03112357901168804,0.03106367819428893,0.030811585352510842,0.03106039909776838,0.031268190847944105,0.031448960209865075,0.0314321214103683,0.030561435836357335,ST
9,0.0322207013992678,0.01912101811533489,0.023248403557653858,0.021951728148797478,0.020976013096658877,0.021118288680702216,0.02320270882709446,0.025841570373981205,0.024892083148584765,0.026315730815398224,0.026008098508489733,0.02485091058621027,0.024814286066184136,0.024835295785025913,0.02442525719448331,0.023987737442480693,0.023335870592100048,0.025270320466448698,0.024913144142497817,0.025281569415233164,0.024824327163495655,0.024675329512267048,0.024917409870959598,0.024835137577252742,0.024892490294025536,ST
10,0.02446261771058688,0.01787564906015952,0.02084152019000193,0.020671023834736853,0.019149693499855486,0.02253215736089324,0.02350064742613531,0.0230832697917376,0.02257822001764589,0.022205462911032394,0.022397345973922237,0.021005017388732346,0.02113965134015627,0.020981006153012124,0.022911681547244617,0.022484676285782806,0.022252792951871103,0.022428830838792626,0.022581654476074048,0.022292565784391767,0.022136585438795896,0.02211352675199784,0.022126986466606057,0.02272437762564884,0.022501893285535174,ST
11,0.005059272733258955,0.003985686660748307,0.004445395805075058,0.00493227780331027,0.0050919163863469424,0.004684379259495731,0.0047039211757653925,0.004750435762790056,0.004668491471525675,0.004826421840589067,0.004689392701597275,0.004575199189957269,0.004630435440732955,0.004645781671137027,0.004889280167841404,0.004770135514606051,0.005068516098182521,0.005096867183985304,0.00503601475880554,0.005045396712006732,0.005032220249811451,0.0050517812536917716,0.0050473723087115915,0.005079950286920667,0.005134470596141175,ST
12,0.002458414856110121,0.001636044941314955,0.0017843724674772132,0.0017059479324623061,0.0017555988594857381,0.0021098865991938938,0.0021354614819153093,0.0020842481922989458,0.002159262754121562,0.00213739624915633,0.002146912586169135,0.001989342181893111,0.002021087862107946,0.0019957655075655725,0.0019832425221262815,0.001960152909760481,0.001961034556925131,0.0019711439771376575,0.00195518096088321,0.0019323690746394845,0.002009186349614877,0.0020353618782204944,0.0020370299279012455,0.0020810153080650603,0.0020512463268359793,ST
13,0.002255253318601304,0.001507229655153233,0.001743237597876731,0.001632492225598789,0.0016869668678461622,0.0015932357295843252,0.0016844189455622997,0.00167285064429522,0.0017111456856721467,0.0017602399355667844,0.0017706906174892927,0.0018056028737677252,0.0018238494280306658,0.001851902766193025,0.00190291069993754,0.0020021352385914673,0.002007926379270828,0.0020167484548205433,0.001995887891785528,0.001972863899479802,0.00197069602842054,0.002031885959859847,0.002015171132687454,0.00202435010675579,0.0019977835422642916,ST
14,0.0017524788629225668,0.001112037009659968,0.0013016852579058047,0.0012790559598083136,0.0012607374001490214,0.0015541154022549704,0.0015642724173088617,0.001525669071231515,0.001479756629236044,0.0014354767255482215,0.0013987225027418191,0.0013777494269357996,0.0013680842839420705,0.0013771190030725411,0.0014156632444220381,0.0014816769623371357,0.0014711807017654187,0.0014713658007010383,0.001486462453634274,0.0015057819457164096,0.0015624398230260573,0.0015743080762703912,0.0015801974475948574,0.0015862233957660704,0.0015606435902017774,ST
15,0.00014422478613030062,7.466426756003683e-05,7.735111009539569e-05,7.570130502442359e-05,7.74725557376139e-05,0.00010162749361146828,0.00010165363626263681,9.780532176125497e-05,9.66347567162388e-05,9.488554072231397e-05,9.642582412328827e-05,8.979464511322779e-05,8.802498845103428e-05,8.570706547832465e-05,8.690308420403902e-05,8.517600697603559e-05,8.43561192166603e-05,8.545044095846162e-05,8.537745817212302e-05,8.625559380868776e-05,8.411586134212175e-05,8.48249196160592e-05,8.508297730959508e-05,8.605605311843587e-05,8.597495337310626e-05,ST
16,7.22657150528729e-05,4.775855881520129e-05,5.4202566520773334e-05,5.2215457884175766e-05,5.332521729694873e-05,5.790742521049919e-05,6.118672498749574e-05,6.333083726071011e-05,6.495776527684246e-05,6.337537086998282e-05,6.626534257562857e-05,6.421695742085242e-05,6.912715965641537e-05,6.89943367068227e-05,6.869999466145948e-05,7.058692828255123e-05,7.265585324581243e-05,7.270001216603002e-05,7.308898976456238e-05,7.256192980321286e-05,7.172356207213506e-05,7.239854272913707e-05,7.233711280437479e-05,7.303905094955767e-05,7.174459899372762e-05,ST
17,9.247893670185232e-05,4.621139385632214e-05,5.7929609544536584e-05,5.3520313306906036e-05,5.2910428598573136e-05,5.6767909696745444e-05,5.742820669457443e-05,5.843846511319421e-05,5.876049039986642e-05,5.879610871940366e-05,6.056857199657043e-05,5.854607888345496e-05,6.022551413269807e-05,6.190174015794366e-05,6.385368822089482e-05,6.256357056718004e-05,6.263022582243366e-05,6.263796757609362e-05,6.237504494073458e-05,6.294245911588312e-05,6.308073998427213e-05,6.395428900930652e-05,6.41168078124501e-05,6.477238147238319e-05,6.376953050497901e-05,ST
18,7.777899287728032e-05,4.612802478675931e-05,4.909083831277214e-05,5.38095508511233e-05,4.889778227715907e-05,5.2038526964042164e-05,5.049674987596529e-05,5.1709532428011824e-05,5.094679863086561e-05,4.98221018713098e-05,5.121696724552942e-05,4.9396706624927265e-05,5.0499324783666885e-05,5.19738056114037e-05,5.3356779799219075e-05,5.5080656583073766e-05,5.5865864138227366e-05,5.533238948168523e-05,5.510639758480884e-05,5.52987802172484e-05,5.917849947022672e-05,5.993577335595997e-05,6.027134064772936e-05,6.0557671215290146e-05,6.018208441384855e-05,ST
19,5.6551782779342255e-05,3.588925034388451e-05,3.79078806878759e-05,3.749696500846966e-05,4.1660052953103576e-05,4.597465837224812e-05,4.520171049942766e-05,4.7748790551565655e-05,4.7541634137848356e-05,4.775027132458793e-05,4.784649143733201e-05,4.6991560842519566e-05,4.9776531852062404e-05,5.067275470464766e-05,4.905156493703575e-05,4.873683260826493e-05,4.84913944548441e-05,4.983660466284502e-05,5.080552386475067e-05,5.1957398993103867e-05,5.110336535238525e-05,5.236070730973279e-05,5.237539054828143e-05,5.244092509567798e-05,5.145964172167924e-05,ST
20,5.141016911224961e-05,2.8192266008019903e-05,2.994906112776028e-05,3.3084951631627365e-05,3.670637829054867e-05,3.788716568765109e-05,3.773762084014004e-05,3.9455847274080615e-05,3.9921418763171627e-05,3.982192511189485e-05,4.104216010998756e-05,3.9350469888396375e-05,3.897850908381408e-05,3.933231660734037e-05,3.947095944951462e-05,4.1439626143826025e-05,4.049251036947208e-05,4.1355513400913836e-05,4.0672066802720744e-05,4.133362353878043e-05,4.036897546403125e-05,4.1208800506571175e-05,4.1457179625049474e-05,4.157665141555925e-05,4.101671825498773e-05,ST
21,0.14479509329202678,-0.37104429045398923,-0.26536381768450035,-0.25418222340099517,-0.2498978987351852,-0.18934708808917944,-0.1556775868308069,-0.13278132288059719,-0.1267230821731582,-0.13234445302723308,-0.12247646759866293,-0.1617623593530717,-0.145910656553919,-0.13790586933033122,-0.11522098944780312,-0.10157801902516761,-0.09397856040962882,-0.0872533202551471,-0.08965304557497245,-0.08108415970397509,-0.06630060198424115,-0.05957409013985049,-0.05961591434110969,-0.05403516279205611,-0.06146525665952107,ST
0,0.2701687926833375,0.2417068531277193,0.188258572130194,0.14323576714524736,0.1334010249964226,0.12117894982103249,0.10583004463830381,0.09849114663720505,0.08929725696360533,0.08379602545503279,0.07696960273690188,0.07224165624287228,0.0706280810329533,0.06497510054848112,0.06322193247573006,0.06375815000879038,0.058846220058836426,0.0603420745781186,0.05439822921382189,0.05270423683102879,0.052981111639478475,0.050238379197693035,0.04911282704910415,0.047403446725539464,0.04614287733285448,ST_conf
1,0.14591588242792386,0.27610380626349146,0.19388574350050974,0.14925340925332503,0.15323682511274225,0.12668187756364574,0.11449491925115095,0.10911431201684807,0.09957754022942508,0.09943698209425386,0.09130211288907424,0.08417367753010256,0.0817088605388239,0.07463930313060414,0.07388364656553226,0.07237193940246037,0.0680090073829771,0.06613774110673072,0.06576041746032357,0.0611623688483044,0.06013745635129875,0.05862596155466551,0.05590941476298327,0.05439753802711136,0.05258400783145736,ST_conf
2,0.13892664543904834,0.24079272249525063,0.18490470829997296,0.13739413699528757,0.10840239632290392,0.11123554749764344,0.09882052236128383,0.09387300946057718,0.09001973334362551,0.08864587339307957,0.08026041590419437,0.06860059973085574,0.07292303189235341,0.06872856831957479,0.0729490747512856,0.06857053417654078,0.0631026409265015,0.06225044962638408,0.06034859254804414,0.060157291403902725,0.053358697787383336,0.05421678561725176,0.05185624144156897,0.05083088347979774,0.051336601560699684,ST_conf
3,0.08229050788525685,0.14073795866017072,0.15338613260101874,0.12881516179217015,0.10586447546519097,0.08791040210958057,0.08533793598726797,0.08206974023164273,0.07756967088556155,0.07023239111019838,0.06660614179570895,0.05897533447601463,0.059370511555998665,0.05999927985291781,0.0595300777697772,0.058308932675361115,0.05511007320081771,0.05247339192154746,0.05167406978010697,0.05279091193965787,0.049199140246059675,0.046987220791666555,0.04753620826887172,0.0461120753511467,0.04597812862095253,ST_conf
4,0.04058618264930809,0.03171179590509065,0.028111501955976156,0.019318075361068675,0.016848677391829596,0.013244706268059998,0.012220191260260907,0.012859856264697272,0.012114801002316003,0.01116617999829284,0.011348497229650138,0.01015027937191079,0.01021626656188121,0.00948250988042085,0.009496412139901734,0.009911089099461656,0.009224242807438738,0.00918703591757816,0.008811687642020562,0.008441435108430128,0.008039918473838606,0.008321636174969626,0.007824517630797742,0.007806875457312788,0.007519935140884967,ST_conf
5,0.040484022939833365,0.03428219219713766,0.03561775570748489,0.02485558597869016,0.0212374440388581,0.017375041441871672,0.015500400148963164,0.014900846425577636,0.01370268705779902,0.012716866376977273,0.011960946422907652,0.010506866791076392,0.010446753925189772,0.00980500270048326,0.00990764641343064,0.009602778769779255,0.008629693270270092,0.008209333250824177,0.007891079394991564,0.008024202582103365,0.0077238569112512345,0.007939299210959377,0.007785777807771509,0.007427874010408904,0.007307272586760389,ST_conf
6,0.024737421914590742,0.026986037295417657,0.02156319969383011,0.016377017518898557,0.016806547140626935,0.01631916746852235,0.014394968582310971,0.01314669184024574,0.012408830790070626,0.01117036714929232,0.012879536761012179,0.012003789056845819,0.011887024631771534,0.011477859704874577,0.011131074225725832,0.010840727848460243,0.010119365557023531,0.010180407734846705,0.009592167845243561,0.009385769880429133,0.008931297682706174,0.008695994605675089,0.008680974761912803,0.00861733521549848,0.00815640070207433,ST_conf
7,0.03385543076171669,0.03692490888486827,0.03251422715486216,0.023026254413817573,0.01897558896933898,0.01632660568971534,0.01568363058237166,0.014987863251076906,0.012972124889689709,0.011804532162470932,0.01123173283904046,0.01006689207274821,0.009827672367610918,0.00916389137222937,0.009773643767970058,0.009075723864521438,0.009203614128662808,0.008412443612144617,0.008587979397009305,0.008477304833337475,0.008171678483290484,0.0077026771443666165,0.008127497974972564,0.0074554604781205455,0.007319704389981174,ST_conf
8,0.014077927892855184,0.03464715318075085,0.023655505664208057,0.017422371696446105,0.01647055244646521,0.013060952527445284,0.012610418995817744,0.012290812162028956,0.012518103979139982,0.010752213293453886,0.009933178832195409,0.008749006039387604,0.008640362606694844,0.007898157888460959,0.007675845715404807,0.00961935611101841,0.00917902586580643,0.008978969788249016,0.00858815874868873,0.008186687803336446,0.007749909210973489,0.007672055376731546,0.006971003417168103,0.007305086315661695,0.006513205548183454,ST_conf
9,0.01471867569649016,0.01833730821275143,0.01703222312158562,0.012258599285238923,0.010637241723432925,0.009120789453937118,0.00926610451469522,0.009278557017816672,0.008503346911587946,0.008528460190227597,0.008029292202284159,0.00688248994314083,0.007068686297468481,0.006292037963981016,0.006171522607026337,0.005921600118442155,0.005717033952993603,0.006299327490170528,0.006049534974132311,0.006183566567939085,0.005483822213942431,0.0054795190324270935,0.0052155956767814095,0.004967970560779935,0.004934988983841738,ST_conf
10,0.012089074456730282,0.018440456767906108,0.01490244966119064,0.011526001195693834,0.009222958717247605,0.0101959402530066,0.00952270719196376,0.008956790987203742,0.007862932681769795,0.007226522324128726,0.007106364221379013,0.006180386153590474,0.005825447967608991,0.005316000343285251,0.005910211209768884,0.005859232207622449,0.005395096080682079,0.005417355585817027,0.004962303100900138,0.004909510470872147,0.004464989243337234,0.004458448579753983,0.004385249669149617,0.004164569437869304,0.004118440099614274,ST_conf
11,0.003540077018079371,0.004545412172401609,0.0033668851088811437,0.0029487590468544617,0.0026477323771785036,0.002125937315486268,0.001884733797347842,0.0016721475570938091,0.001563508662959089,0.001485673723328923,0.0013329724472028231,0.0012180708795636226,0.0012368259550561136,0.0011721451402485433,0.0011816895967296215,0.0011052047217868528,0.0011848945892081026,0.001095611149293855,0.001064961191548507,0.001037754149466507,0.0009981897246897108,0.0009662294895898463,0.0009461364766744126,0.0009134648611496598,0.0008911132881781424,ST_conf
12,0.0017092833757426159,0.0016466448625677475,0.0012416073423399026,0.0009303957380610687,0.0008781160488820249,0.0009044254142641326,0.0008128702163981828,0.0007234711953497711,0.0007353722505560818,0.0006376570249074482,0.0006151237930663472,0.0005380631490108995,0.0005250904319201702,0.0004702076622630996,0.0004611462239020401,0.0004596024654992816,0.00041903220517136987,0.00040113106487108056,0.0003881613266183922,0.0003742989711062322,0.0003863236036756769,0.00038618439563777973,0.0003629979859447967,0.00036821406310014166,0.00035741807030808555,ST_conf
13,0.0009257246441422352,0.0015193800675695178,0.0012217999205252515,0.0009027801830973869,0.0008463939419884145,0.0006935297067945375,0.0006507068228096663,0.000578147647963749,0.0005612485925723569,0.000527325176081308,0.0005023381432781895,0.0005231212727840871,0.0005245885067444275,0.0004916669020187279,0.000493076141420977,0.0005005734554266708,0.0004951445370679382,0.00047538660675165034,0.00042507353447495137,0.00041295921596109223,0.0003999323173525301,0.0004161951728813529,0.00040313340867837534,0.00040395268260773635,0.00037677880348564957,ST_conf
14,0.0006945098930271219,0.0011032887495068112,0.0008739896597392221,0.0006697796014684357,0.000601427333637438,0.0007136473872160299,0.0006464951416439883,0.0005930554391735909,0.0005422918264754687,0.00047272968596353486,0.00043377844597288997,0.00041644352040535917,0.00040194964195033173,0.00036191484692801477,0.0003557977233184595,0.0003792495025218582,0.00037076747808390296,0.0003512222837922954,0.0003322272680918778,0.00033447501970806806,0.0003253556046612897,0.0003275802539600158,0.000310973687309143,0.0003005795158054548,0.0003033879224093715,ST_conf
15,8.443665216614048e-05,7.59778946687845e-05,5.4672063607771496e-05,4.2833734976852635e-05,3.912248967050862e-05,5.0659196096556965e-05,4.498876249514932e-05,4.2147968799517695e-05,3.6869934187136016e-05,3.3799370268446674e-05,3.3120509158307314e-05,3.0023334320304774e-05,2.6528060889314736e-05,2.476057881685583e-05,2.38361217232747e-05,2.337093251903431e-05,2.1684310183929978e-05,2.150647857787955e-05,1.952212161352792e-05,1.9933903985853133e-05,1.9105781755094315e-05,1.859669549585874e-05,1.755429199113007e-05,1.782863707541405e-05,1.7135861236826495e-05,ST_conf
16,3.896323889710794e-05,4.548722424708466e-05,3.748672879108798e-05,2.732855371442078e-05,2.608955260611124e-05,2.3664906350215588e-05,2.1747994259906987e-05,2.0565931625201602e-05,2.037145103746098e-05,1.8536842626751818e-05,1.8189567817133002e-05,1.646217284478171e-05,1.8897372748094962e-05,1.7642679749341655e-05,1.7176827403743955e-05,1.6592742738740818e-05,1.6488843126589814e-05,1.5786508346939573e-05,1.5000326327494488e-05,1.4291227026717237e-05,1.405848124029011e-05,1.3433189187694058e-05,1.3609706956201809e-05,1.2748321761429741e-05,1.2274165589500331e-05,ST_conf
17,4.924069342148387e-05,4.689972262715904e-05,4.152514667304383e-05,2.9904329093077205e-05,2.6641301951172112e-05,2.459243244542734e-05,2.1975388350086798e-05,1.973563915597886e-05,1.850880432595005e-05,1.7669560697507863e-05,1.6764277708134376e-05,1.5265565882711726e-05,1.5803693291708616e-05,1.5068895033148526e-05,1.5033323243634026e-05,1.4327125692529158e-05,1.4227664932111196e-05,1.2937060198597489e-05,1.2613407898410125e-05,1.241963172200206e-05,1.1612565488861012e-05,1.158426469022513e-05,1.1306909485869889e-05,1.1617249311369318e-05,1.0771568210553779e-05,ST_conf
18,3.401846476120521e-05,4.5567413529218476e-05,3.4245419722988646e-05,2.8646381941089202e-05,2.3355202604469493e-05,2.1176768687962792e-05,1.8253853772681296e-05,1.7511496336278703e-05,1.5400511668138826e-05,1.4396476174468868e-05,1.3071043460026965e-05,1.2113502995196283e-05,1.2643034463837167e-05,1.1549219238160987e-05,1.1634979425756622e-05,1.2381574528782991e-05,1.1841731690944355e-05,1.173775527837263e-05,1.1010275997304458e-05,1.0915249155682586e-05,1.3073481270565917e-05,1.3708588447099773e-05,1.2534697529082135e-05,1.276288363095384e-05,1.2365417828969426e-05,ST_conf
19,2.3299818641617896e-05,3.332206309668944e-05,2.4858611297597114e-05,2.022390855753351e-05,1.9859844568592197e-05,1.9378833283223594e-05,1.6892029885094708e-05,1.6678821292000054e-05,1.5621791703903968e-05,1.4089167857548216e-05,1.3420072158892197e-05,1.2888895415035659e-05,1.3104702326494776e-05,1.2214892778678617e-05,1.1824877832283965e-05,1.184982051794975e-05,1.1647381456621272e-05,1.1019713799884767e-05,1.0153122623245731e-05,1.0257860973676968e-05,1.028194981005e-05,9.817503960598451e-06,9.9862381999905e-06,9.386364454322564e-06,8.914363301395633e-06,ST_conf
20,2.0052342790509737e-05,2.7122332497788148e-05,1.989006686697532e-05,1.7224076450125527e-05,1.9502522993760137e-05,1.7528578318273826e-05,1.5473724257607818e-05,1.3767526640443147e-05,1.3276974541059318e-05,1.2311290377481823e-05,1.1689547012525404e-05,1.051618061684543e-05,1.0273944757188456e-05,9.785554436668101e-06,9.234138234664213e-06,1.0136343420485116e-05,9.47148465537469e-06,9.413630962253189e-06,8.666081718450408e-06,8.840390656958837e-06,8.17459365364801e-06,8.021395266078562e-06,7.63390406366228e-06,7.961314865289329e-06,7.283920148343698e-06,ST_conf
21,0.2881436824709475,0.5600582849564806,0.4564253236491517,0.3579700523521523,0.32221122646174705,0.2938439015169753,0.2677970031523767,0.24985243974314403,0.23392703461806258,0.21003635291187486,0.1988257117502752,0.18210166723512472,0.18342118469184004,0.1676515116709984,0.1644060259515099,0.16534361794545824,0.15697969674849732,0.15367831229468848,0.1430032730082761,0.14272661702164172,0.13065316451766684,0.1363927469956716,0.127747850646762,0.13008277384972677,0.12324580434337196,ST_conf
0,0.09856052430506242,0.09957675977170108,0.1040898263686992,0.10204429841714799,0.10579559465862519,0.0956443600738448,0.09341217381543376,0.09769423648483874,0.10172475243252159,0.1140916133326849,0.10805784873617327,0.11311562800273377,0.1154644736805481,0.11604244319442066,0.1133974944050269,0.11937610292647759,0.11577995922847056,0.1192191987922421,0.11956111156852613,0.1190387515219026,0.11584361837809054,0.11498325458076782,0.11478238117218537,0.11631888702436773,0.11416626980939078,S1
1,0.08819412948848766,0.06868715810927564,0.08010120620231988,0.10058436648541703,0.09094956055183975,0.08216787084756741,0.08708189031114567,0.1068531931486914,0.10810611630093246,0.10395261397811344,0.10196142999319692,0.0982951435361449,0.10054854009969069,0.10755473439525806,0.10617660187319024,0.09985113868176908,0.10090750440548558,0.10577516114508238,0.10809187920903941,0.10753402669572883,0.10636575896057358,0.10509369965822372,0.10578296952849572,0.10608708247385168,0.10666437986010957,S1
2,0.29489803544661264,0.09600086880392834,0.0987757119958631,0.10630190548854868,0.1013629320089503,0.08815014758650143,0.10106246960308503,0.09257376635954878,0.09069846698055616,0.10012909914879539,0.11422491775357102,0.10195087367473024,0.10528197985262747,0.10203709565565915,0.10444478087276793,0.09671067065396827,0.11093110677955481,0.11020726316461224,0.10931116415134554,0.10532493032361089,0.10789221926949727,0.10518574156162547,0.1058838696751452,0.10656984708970549,0.11926235838734489,S1
3,0.09928848762056798,0.0743128064103798,0.07859248932456872,0.0683368520004282,0.07573830908973964,0.08914204994529469,0.08744980919090087,0.09441698212366476,0.08752794402815335,0.09111688007639208,0.08814021760958882,0.08523873842016776,0.08315041907277511,0.08452778507098549,0.0861500660729229,0.08703783270521673,0.08721420696244513,0.08638619817080165,0.08706130969143772,0.09116341481345847,0.09008800322871455,0.09451342358672365,0.09544660539692394,0.09507086803452772,0.09495150640411797,S1
4,0.040700907531943484,0.01907470979594244,0.014349804412566832,0.0068215039831395164,0.018545002565203413,0.026131092947065865,0.024197751840323894,0.02349502848931005,0.024219612686949214,0.023922018076821927,0.021319796830002187,0.018253794668584337,0.0186432166115154,0.018468220302019875,0.017266908105384,0.01572298089892637,0.01460569959029239,0.0144419970436323,0.01360930347951937,0.013825259488598165,0.014324373597987326,0.01457115634433575,0.014365789442811663,0.013922860885764794,0.016391080008874494,S1
5,0.0333109181198632,0.012171052148099382,0.015184759870946836,0.010694860474440024,0.01686242465686219,0.02083362644708725,0.01781163223739815,0.019594023787044612,0.021575149695880116,0.021963530243267915,0.020095526759517104,0.02147927755738863,0.021776001683689476,0.021976536115725618,0.021084516921511767,0.022683515962974646,0.023600970386454357,0.02196482609557835,0.021429034408528107,0.02132577828084083,0.021498225628836163,0.021228194626474475,0.020626163675966886,0.0205419994045311,0.019476630995330424,S1
6,-0.02588210123008786,-0.006060278193633853,-0.000291984793108118,0.002909667268203022,0.004728045611848166,0.0021335381292513643,0.0001733694052402768,0.0013214143231183434,0.004948022998864259,0.006260108934000072,0.0055877050771364865,0.007465350942506356,0.007748546023269743,0.007019840821496596,0.007281967543731347,0.004854624325374564,0.006415521440952477,0.007678595599856028,0.00719406494895419,0.005672892592198631,0.0051776025327922364,0.002839220896710082,0.0027089394792506162,0.0029325064515604697,0.004078850329274757,S1
7,-0.0013673477974910297,0.009847369122697028,0.007676377965821209,0.005574453237200769,0.00826093477021606,0.017158192872456096,0.01646870610673307,0.012890628721606352,0.012141543975061744,0.011472036257977377,0.010558417316582521,0.00907990262532357,0.009420583135690712,0.01027576779032437,0.00919295375677945,0.006062605571316134,0.00528109068274493,0.005999480727278312,0.006719503436308258,0.007697028437105773,0.007810400466899084,0.008253399020490845,0.008151649639411137,0.008566455767741394,0.006840692625170403,S1
8,0.012963338094727418,0.008073434256073696,0.012508447508372121,0.008452758714667642,0.013198495154028265,0.015318628990410438,0.015638960252096906,0.011618008965485215,0.012583009599050413,0.011563532511033191,0.010782752795952708,0.009952059708122962,0.009532103599991609,0.011054889818116734,0.01049530939628769,0.017639159771827926,0.01647732375350971,0.015610340318947317,0.015511286115686735,0.015805900170080277,0.01577956090398088,0.016381614165842814,0.015972014461773973,0.015588074218771494,0.014632728057246797,S1
9,0.01716462116167258,0.007117039062654538,0.004683690524282291,-0.00023446473398802174,0.0009901801627345656,0.005032026320491288,0.007092335382978438,0.005848842178845545,0.008865631070004718,0.007806583239620011,0.008027816789997911,0.007679080962489975,0.007914132257171158,0.006216512920555959,0.005918024469743606,0.005363443615840175,0.005135557482631605,0.004241719153657739,0.004515226879678881,0.0033982065771598928,0.0037027433959171577,0.004186476911619468,0.005106060304215818,0.005089594119017776,0.006495205082918193,S1
10,-0.011472065292971668,-0.005069809204230222,-0.004934444654180852,-0.0005254998903447137,0.004499467785533138,0.016701778859496065,0.01665341051599788,0.012718580475447768,0.01116683158634647,0.01029510029301993,0.01039385641826793,0.009879509866191462,0.009175905753818272,0.009784476758913686,0.009813432803625526,0.008755413628532435,0.009221525333901335,0.009653228782185,0.00924303042689675,0.008645796932482066,0.00856520011989562,0.009284133291974073,0.009042386571314752,0.008307089105287466,0.008198385521510948,S1
11,-0.0035798848772384123,0.0004973788049068206,-0.002157877020629108,0.0005580037451397749,0.001515984959698243,0.0013488094184674318,0.0008188204241554602,0.0011775357347635523,0.0012232399773982018,0.0011741630149252188,0.0010857048843589505,0.0005747819589655568,0.0007027245785250535,0.00022612884869464394,0.00028141379416486695,0.0006389227109956626,0.00014500918379458817,0.00024124029095777907,0.00032851349064380255,0.0006755897954970608,0.0007341105205481754,0.000822979754679462,0.0007711037940514813,0.0005395957240051683,0.002258725049749922,S1
12,0.003087667806492009,0.0022692039836383756,0.0023929995978002583,0.0030508186528389017,0.0020662924329923078,0.0007133944834105797,0.0007779574138854809,0.0005462676482653879,-0.00020834139419028929,-0.0007581531251711798,-0.0006130291018928756,-0.0006346531297201468,-0.0003820623533532367,4.085978349457081e-05,3.393095199197354e-05,0.0005589125214629854,0.0009452046865292548,0.0009920674751766625,0.0008444356295354891,0.0010423182533587424,0.001174061464381737,0.0009643061338885118,0.0010725098058310075,0.0010684268871556293,0.001033265551757521,S1
13,0.0027027690888872208,0.00014011732282733739,-4.399639440691448e-05,-0.00018179747371798412,-0.0016629967300726604,-0.0017496254767722778,-0.0019000751803402056,-0.002221340829329037,-0.0015688727148867217,-0.0012777266869650355,-0.0012404009344478908,-0.0009550595856271728,-0.0007433148858308221,-0.0007502453971353547,-0.0003910907722428688,0.00036089755580750755,0.00034130154756984105,0.0005178885476366801,0.000716480298050436,0.0009359223163034544,0.0010111672065189153,0.0007500282152553361,0.0006821969600383444,0.0006049036979965009,0.00030267328742598286,S1
14,0.000349442397562305,1.7857891123257553e-06,0.000261985881204889,0.0014537407460363354,0.00019451877425258254,0.00040140490506488996,0.0002072576532758062,0.00047040447677174074,0.0003495892820962756,0.0007357751696702041,0.0007281263313005576,0.0008594289020245867,0.0005744714208910708,0.0006028225417058432,0.0005729971654256852,-0.0007107082733187566,-0.000695884482116588,-0.0005562410779238567,-0.0004153313182295944,-0.0002040507542602907,-0.0002879050989794531,-0.00030497959069060573,-0.0002896350031372409,-0.0002591624165103091,-0.0005179688141815293,S1
15,7.67145095046524e-06,-1.3053319849633905e-05,-0.00021303740817896097,-0.00015420540576877785,8.527608334435307e-05,-0.000138845649563802,-0.00012998273562517677,-0.0001811195833661769,-9.1716715163286e-05,-9.087670061801224e-05,-0.00010424670878728993,-1.2173701394730324e-05,-1.1617403217101436e-05,-6.863926940798215e-05,-5.9957113316950775e-05,8.675298653574117e-05,9.288323777018756e-05,7.618619394490176e-05,9.299660306294802e-05,6.0411254318168665e-05,4.978629932591814e-05,0.00010475709688772962,0.00010087215801867954,9.088253601377837e-05,0.00018657087295355333,S1
16,-0.0006212280052621814,0.0002321782822641945,5.862958115706697e-05,-0.0002621776414756612,-0.00041355619597430296,0.00019798585960769166,0.0001506696703396299,0.00020207758290617645,0.00011087739730165834,4.9979886061836374e-05,-1.5019068643422326e-05,-5.919991954546638e-05,9.787524155731446e-06,8.59013233840174e-07,-8.621273993725496e-06,-0.000189849147881815,-0.00014832348681810163,-0.00018014888185838087,-0.00016145666679780012,-0.00013498236754357692,-0.00014482191143248244,-0.00016629618568794846,-0.00015779763410299832,-0.00016708724186728557,-0.0001425118992805078,S1
17,1.0803361892294787e-06,0.00016386150584588664,1.245708001137266e-05,2.713120390500889e-05,0.00019879210020354567,0.0005219169889240007,0.00052952012662402,0.00036952480533580687,0.0003126826637577883,0.00020333914838941214,0.00013379617176574073,0.00013772027185678584,0.00018552593769267462,0.00010928550728754523,9.455711632734116e-05,-4.867462163802762e-06,-5.688583230935219e-05,-5.665755873797822e-05,-6.406444596478889e-05,-9.48404582361546e-05,-0.00011577424819464776,-6.025674746835494e-05,-6.707773007268152e-05,-3.3119659988314826e-05,1.7608220249664103e-05,S1
18,3.234463783807464e-05,0.0002124045823452154,0.00012850265955261916,6.09788187997115e-05,0.00022323633799334577,0.0006139060518042327,0.0004902965692893577,0.0003275348629365886,0.00033945834359297157,0.0002838205358892256,0.00033523417709805926,0.00038592138258850326,0.0003395928141002952,0.000323817914156563,0.00028743333916199333,0.00033999709344554436,0.0002839968683302851,0.0002800203532068592,0.0002491467429288644,0.00029113103886052984,0.000324271389695452,0.0002276194683139014,0.00020937782081876057,0.00018019379645315689,0.00019443531811920835,S1
19,0.00025621665644772477,-3.928104332297166e-06,6.738305441053705e-05,0.00011353644593786609,-0.00020031810461283194,-0.0005160129521068717,-0.0004021545836901627,-0.0003255781050613844,-0.0003120504593192495,-0.00024899081008754456,-0.00016553855536760587,-3.768132014535474e-05,-7.275299379989596e-05,-6.0131066305325655e-05,-7.963768029670071e-05,-4.924042557782536e-05,-4.015323199994149e-05,-3.281141836983515e-05,-5.87265421242793e-05,-2.6968530596719736e-05,-9.703889538731307e-06,3.2031805627890366e-05,3.434736723425921e-05,4.7787134797398905e-05,-2.846838147000446e-06,S1
20,-0.000493575822650493,0.0001709942610173723,0.0001114639611295849,0.0001157664634303489,0.00020282523507839,3.7198209877225976e-05,2.499277814345189e-06,-0.00010409458951750347,-9.814327626989726e-05,-7.603757947461028e-05,-4.273969574381684e-05,-5.2605788919028326e-05,-1.5799451676829702e-05,4.269625977537817e-05,4.7146049393075634e-05,0.0003154083707654471,0.0002845436534617042,0.00022098964598947973,0.0002007880157899128,0.0002131876678825851,0.00020295822922636002,0.00021279020370267303,0.00021839916450739098,0.0002233534460996427,0.00023592865867095092,S1
21,-0.002798179063802955,-0.0008174257523419053,-0.016470886748797417,-0.01406935098160033,-0.008812819476036087,0.01681552095852509,0.0054206564450479285,0.008650392346108204,0.010015517208567444,0.006821371651264181,9.475432415121574e-05,0.0038204011855848177,-0.0005954672478428347,-0.0010783614562784988,-0.0060482932211119575,0.012128081036857101,0.006260938669489472,0.006061885029404124,0.003846649502485268,0.009353042513218324,0.0034618987706096496,0.009209117448494014,0.006600724697755816,0.005712972246882662,0.008766068628698836,S1
0,0.10710138396146486,0.07833198045740478,0.05968010858331433,0.04140815533048403,0.04538881857286768,0.038782092639972475,0.03612604358834875,0.032431224549218075,0.03335597814592831,0.03499660374198226,0.03139436268989075,0.034691979651636895,0.03391895506423562,0.030147707301475746,0.029439834555343054,0.02994926483162237,0.027069768031826272,0.028813791141800986,0.029723980862618037,0.02688066191323822,0.025152896648519364,0.024067572535710267,0.023346218983912162,0.0232335347015979,0.022119566497132325,S1_conf
1,0.0600890267651709,0.06600429303757513,0.05330758002270128,0.05044866283185561,0.041139919702240256,0.03599405394300767,0.032487308628505115,0.042979921442864555,0.038209308760264356,0.03691579718013219,0.03205253189241837,0.032059686363037944,0.029737150307687327,0.03195572717306055,0.029205656123673658,0.029600142142427444,0.02733371788698666,0.027171259970076005,0.026951442964215234,0.02502721828976248,0.02492077879023164,0.024582392367226417,0.02371291325380374,0.022795948928784737,0.021923732276686328,S1_conf
2,0.13339770126588005,0.09441815871750305,0.07049000023600085,0.05591255955454648,0.048713169333446014,0.039123757082823854,0.0382680868841203,0.034078086572747364,0.03284385582623785,0.03522410906622712,0.03618029200056273,0.030804641172017786,0.030720325953452275,0.028031786918470074,0.02808763588310081,0.02729354157992552,0.031769689665141786,0.03307717229095046,0.0307887523887864,0.03027381602205806,0.02766825239891986,0.027133930031114452,0.027587845752156746,0.02624067542355811,0.032629023862582214,S1_conf
3,0.07542264438332581,0.0610564381604644,0.04653388302877448,0.033772867453594375,0.028042383689048923,0.03204739600955643,0.02800546268412383,0.02884905981917245,0.02641224387680806,0.025972535058581676,0.02549698463133018,0.023333389940754637,0.02170208706864158,0.019772476449963463,0.019734062620500516,0.02044143078029961,0.01877779899694722,0.019091107346583584,0.018349353438751423,0.020674178277678423,0.01950863438189109,0.019856364682107695,0.018712411358405626,0.019144688717143275,0.01759632218643809,S1_conf
4,0.06852914249546493,0.031685357430294186,0.02250574997495051,0.017007677481619285,0.02550188790030794,0.030040623530097673,0.02635802779732554,0.02332708421731609,0.0209823790390753,0.01987164882046832,0.018873812592260914,0.01631130647961323,0.01604823998579989,0.014143621631251055,0.013668305208404926,0.013895987412067873,0.013532614486079958,0.01233830808312686,0.012196057652511891,0.012090359679027331,0.011139149705659395,0.011489779474938072,0.010092553178009528,0.010271772326513252,0.010809357966342116,S1_conf
5,0.03435114631418487,0.02195341562990499,0.020010246779504522,0.017978637216095078,0.020916350932164797,0.021870457248125794,0.019687827111629853,0.017967951265108965,0.017257785716113562,0.015939867475964334,0.014108849264494829,0.014050039397125793,0.013612875755679085,0.012567215428320415,0.011781695415223266,0.012627266524585984,0.011901947760927671,0.01174603906814615,0.011166995452724437,0.010763510318107924,0.010644546021744057,0.009845052654333376,0.009986467120274279,0.009556194231732661,0.009455570293873946,S1_conf
6,0.05085209078905504,0.02166666544480648,0.018797628131597702,0.0151072759087458,0.012270755226609217,0.01428116596251319,0.012522857377145157,0.012057293074384008,0.011198865012688256,0.010518727094853877,0.009832753958811327,0.009226838388577827,0.008484370195293222,0.008080743823363051,0.008197508672651838,0.008665593360989059,0.008709287884139464,0.008828630952630541,0.00863281806427175,0.007984363630772751,0.007774593684551417,0.00799721978750316,0.007635787144286062,0.007613908520579123,0.007133231367034372,S1_conf
7,0.0319845036712771,0.022461126823023196,0.016768099573901695,0.012063466930048292,0.011273977762764158,0.015642210807511568,0.01343871584530429,0.013860895820567804,0.012821596006993815,0.011643816306382232,0.011000037414503342,0.010270062249672694,0.00945909962903841,0.008998211036759716,0.009103934025403116,0.011345228731811034,0.011166937765676569,0.010748617494425248,0.009744337115239435,0.010587560172820048,0.010032577746330332,0.010166524350702371,0.00963838144920879,0.009185003515776755,0.010043636592474942,S1_conf
8,0.02312851656277422,0.015297612845721485,0.013403613450813404,0.010345023758410342,0.01232956657344561,0.011726406112873261,0.011191398372463388,0.010341429883157775,0.01031768474103808,0.009803797091294008,0.008704965454845665,0.007998771019324334,0.007501498148991525,0.007979404873252549,0.0071836542239677335,0.016597035118464314,0.016078256387997335,0.014816649715020634,0.014245536319096185,0.014295635255757607,0.01327785317956639,0.013249629062832917,0.012144574490224902,0.012251108098225319,0.011338679629309577,S1_conf
9,0.02949349506817023,0.01690519158252205,0.012922822521803368,0.012248108860835147,0.009893364796273925,0.011753871305519225,0.01059972327383063,0.00994043761613624,0.009786176754023207,0.009093123493442391,0.008374758917125396,0.007982007601286934,0.0075289106997234,0.0072689674644871895,0.00690093746743208,0.007149421899561516,0.007044534367444854,0.006518923933700399,0.0067038085322398315,0.006514249662713049,0.00612815473306386,0.006047139701426701,0.006067814203335164,0.005696384089867805,0.006529914126176981,S1_conf
10,0.02508504480205564,0.015078956393856306,0.011729094411927097,0.010251702525550735,0.012241257692049569,0.01961630042259227,0.016871931747771435,0.016264819928279533,0.014440634774645925,0.01291957862053967,0.012484511563396698,0.011372952362061694,0.010950362046340803,0.010353518202808753,0.00948797739596046,0.00865064195681667,0.008728055257269496,0.008358851613051107,0.007972128748349863,0.007774234472806947,0.007169132571780168,0.007059584098654213,0.006857553596817135,0.006966250797300898,0.006417613094654611,S1_conf
11,0.008957796684178447,0.0058450219265532705,0.005537692737177286,0.004966666380071873,0.004522308445220506,0.005224969315026514,0.004652567409442641,0.004404699614215718,0.0039720247798366685,0.0037060166676901644,0.003457720212532029,0.003420763761402437,0.0032754333839619216,0.0033750470301419566,0.0031269716814095083,0.0027961954552835977,0.002760318443029048,0.0027497521333079483,0.0026994891070685717,0.0028702072662484916,0.0026575581043696765,0.002783259367058361,0.0025712859865496037,0.0024662716658055213,0.003953972566027009,S1_conf
12,0.011328471341279036,0.00505763006470742,0.003726924503325941,0.0031588093854650863,0.00268488018763249,0.0031995398340476243,0.0028888967482667083,0.0026495921357165076,0.002582303080221471,0.0024900896447991668,0.0023218102882047614,0.0021732862468903163,0.002010438054594484,0.002086221191171222,0.0018840884177348859,0.0022607919342659726,0.002192509912961868,0.0020388906508179124,0.0019375282373574922,0.002082532791814659,0.0018095893572432952,0.0018340499065840836,0.0018158282236700083,0.0017529019538304901,0.0017671290071439392,S1_conf
13,0.007231616402877468,0.0040958083159557835,0.0031320271330420053,0.002466854140724228,0.0026519125045688964,0.0025106407515406467,0.002310243274743189,0.0021996182407437665,0.00217795795351338,0.0020895668471469803,0.0019333501319237342,0.0018108566007441684,0.0016699054566969988,0.001714174429718804,0.0015486659585348516,0.0019256131674945632,0.001821174816907171,0.0017562358816645245,0.0017169913106121985,0.0017479775083557225,0.00153699477345636,0.0016763674928785386,0.0015406543278461554,0.001562378124706904,0.0015079768755915568,S1_conf
14,0.005756944202551755,0.003118402576379638,0.002424389719189668,0.00303817446444624,0.0031609184858208276,0.003309873689929505,0.002977410860544319,0.002715573476273236,0.002469779317601518,0.0022808336467190714,0.0019857705177950824,0.0019216404512488552,0.0019742390667260904,0.0017192420083233348,0.0015792477429179825,0.0030236544216938176,0.002889790252007477,0.0026583590083262038,0.0025829018877613482,0.0026239371082915383,0.0023869979874837077,0.002427899080839423,0.0023537843101364237,0.0022542073601698946,0.0021637653179555657,S1_conf
15,0.0014600105602754776,0.0007286338152388167,0.000626302713347131,0.0005122253810230574,0.0006132658208919888,0.0009167379863019075,0.0008179153823934294,0.0008244958573877535,0.0007089372300571368,0.0006088594313272481,0.0005865045580870535,0.0005960840234232633,0.000552868062428469,0.0005201374625313907,0.0005026090582719984,0.0005020889972323445,0.0004585082264436085,0.000441079367147496,0.0004453385139855558,0.00042961126207103424,0.00039334973261189485,0.00040142668169286587,0.00039035962296569726,0.0003937160824228026,0.00040353616533461874,S1_conf
16,0.0018268303295854663,0.0008813738012790806,0.0006738623208788916,0.0008115331565515056,0.0006463585776604476,0.0008208016900981199,0.0007273538703494442,0.00067647134448882,0.0005956336868269156,0.0005476213801130462,0.0005179761145192974,0.0005242631275613422,0.0004975914036753359,0.0004662499338888478,0.0004474650188195431,0.0005260038621639215,0.0005070980938102229,0.0004895380031717063,0.0004626836548430222,0.00045022435057852253,0.00044402132579432935,0.0004176986454342621,0.0004035717956901555,0.00039827769898736733,0.0003908757633336799,S1_conf
17,0.001193848281414062,0.0006302138244972417,0.0005339165695212128,0.00043028552136220507,0.00038996694060528084,0.00043675698958310085,0.0003993978953570571,0.0004488093698944894,0.00041787374788951364,0.0004011478144514493,0.0003711983068754181,0.00035001413160512236,0.00031805542061383703,0.000338264714263794,0.0003229829621582016,0.0003391553231906537,0.00035420917222257954,0.00032196324153530123,0.00032015990995046067,0.00032182266267423415,0.00029665659273178814,0.0003040478712947113,0.00028580467868540916,0.00028721067564207737,0.0003066780166263376,S1_conf
18,0.0011281653145246223,0.0008219215415502933,0.0006157337110423699,0.0006816820084198812,0.000761789354480258,0.0007737633971606966,0.0006657138761270828,0.0006575539160815717,0.0005941099060759927,0.0005680606366388737,0.0005276517611511337,0.0005109400904271853,0.0004852831909972851,0.00046531233761732066,0.00041856770616368873,0.00041252109053173825,0.0004052614976770791,0.00040439560050675196,0.00037653802718715015,0.0003693972571013582,0.0003520726990524352,0.0003608793102983891,0.00034771954655146047,0.000342810467453558,0.0003458326636387139,S1_conf
19,0.0016893468747504554,0.0007686863244770356,0.0005875089310616919,0.0005303737468951303,0.0005503457425540011,0.0007750363156358897,0.0007046045811870845,0.0006514098708426121,0.0005700595558939522,0.0005193993990884407,0.0004850554229302318,0.0005011198016541315,0.00047391474296157077,0.00044620264903951813,0.00041316348189633374,0.00038230948947022884,0.00037104382868716527,0.0003792887425578218,0.00035942131509756643,0.00035849887599316246,0.00033008855058700614,0.00033586612402553,0.0003040038433490552,0.00030591076357585077,0.00032724623359046045,S1_conf
20,0.0011173782966606954,0.0005598522062134447,0.0004635031553606671,0.00040395706804736926,0.000343452205731574,0.0004611676183341331,0.00039878537013143746,0.0004231446502070512,0.00036883964278335024,0.00034770995479939295,0.0003233122779856032,0.0002978202657606138,0.0002804670180259186,0.00030015632509664724,0.0002836197417602292,0.0005267653672637602,0.0005004131053650842,0.00048476666293776016,0.0004716963606342677,0.0004442630224889108,0.0004199034787790112,0.00040977753999301656,0.00040359908585731077,0.00038743921286864345,0.0003822010980670957,S1_conf
21,0.11748082840190456,0.07167461509720456,0.05068317083067067,0.047393828968225485,0.043342624324398026,0.05064653245195218,0.04470919922043123,0.0446376187048367,0.041615313129534565,0.03780787715311102,0.03607767081705806,0.034366917286197354,0.0326061388475877,0.03136615951855069,0.03145449925395372,0.039732121211666444,0.038731032468446315,0.036151414712918876,0.03676367161678358,0.03621000903955501,0.034682775687817365,0.03341804016445408,0.031957399987559656,0.031525618243096055,0.03271547940376924,S1_conf
